"auth_board_id","board_id","group_id","update_user","update_time"
"5eWivSN3T3ubvv7kK-G3qA",wVl13sCKRGuDHX62poEeDw,"9sd9S6RdRzSMx16NxDHHFw",20121100001451,1698113773196
B3pe_sOCRBSvruqxmiMvnA,s9PgkAWXSAm57oZs0w3KsA,"9sd9S6RdRzSMx16NxDHHFw",20121100001451,1698113798502
AYjUYgmpR8y6Jy2-g3ELDQ,BRiYS0BLSsarlu-dLVSL4g,"9sd9S6RdRzSMx16NxDHHFw",20121100001451,1698113805882
gdF8Fmu-SGGH5BHuHPgA6Q,DpJmj8cQR9OK7yglGVyisw,OjNMZROxTiCeexix0ZeSew,20121100001451,1698370557529
MokilWZ4TKCOCBILrAJd-Q,rWDP6vqXS5qDjcuCxCRdbQ,"9sd9S6RdRzSMx16NxDHHFw",20121100001451,1698113812447
KpLGcKdKR-mMI3_lO0ALSg,DanFxrkuQ1W0Ur5ugKexBQ,OjNMZROxTiCeexix0ZeSew,20121100001451,1698372013833
q67rgDx_Tg-9KvA_Yahaag,RqvnnDcaQlKSzXn7WI1eeQ,OjNMZROxTiCeexix0ZeSew,20121100001451,1698372013833
bonH48mYS-aqnIRFUyhUsw,RqvnnDcaQlKSzXn7WI1eeQ,"1brI0HQfQKyiPmS-w9EXtg",20121100348557,1698372195525
fxEZaljbQbiIqylJZ7wnpg,wVl13sCKRGuDHX62poEeDw,V0dlfvptRz2Cd1nRbNuYqA,20121100001451,1697180750964
vjrSlnAnQ065z829fp56vA,rWDP6vqXS5qDjcuCxCRdbQ,V0dlfvptRz2Cd1nRbNuYqA,20121100001451,1697180750964
I1_U0CJFQ3CaJisj1g7YUA,_OHUsZ-GTbWPu6Am38uyAg,"1brI0HQfQKyiPmS-w9EXtg",20121100348557,1698372195525
o8Z36WrvQ6Khcg4wHk43cw,BRiYS0BLSsarlu-dLVSL4g,W7-50EqQS9ClI4h5GJjYwQ,20121100001451,1697509757439
ZziNyd3XShuYH7ugdLfkuw,rWDP6vqXS5qDjcuCxCRdbQ,W7-50EqQS9ClI4h5GJjYwQ,20121100001451,1697509770789
L0QcDp1cTI-t9btS83FFSw,wVl13sCKRGuDHX62poEeDw,W7-50EqQS9ClI4h5GJjYwQ,20121100001451,1697509784002
ZU09aPq3SB2Lxn_h9XIX3w,rWDP6vqXS5qDjcuCxCRdbQ,"7DO79VEYSeO3qBD0pU1Ikw",20121100001451,1698113881529
abwFtti6TU2l01yq7nnV2g,s9PgkAWXSAm57oZs0w3KsA,"7DO79VEYSeO3qBD0pU1Ikw",20121100001451,1698113881529
E00UUY84T-mNQd1NZcuARA,wVl13sCKRGuDHX62poEeDw,"7DO79VEYSeO3qBD0pU1Ikw",20121100001451,1698113881529
ugJ-irn-ToGhtFHkMDk7Ow,BRiYS0BLSsarlu-dLVSL4g,yYMKe9BxQHSdeWkU4hev-g,20121100001451,1698113901996
VVtT7ym4TAWVzbdX-gOSfA,s9PgkAWXSAm57oZs0w3KsA,V0dlfvptRz2Cd1nRbNuYqA,20121100001451,1697766721350
"1heHQZY2TLugbPAx6VKFPw",BRiYS0BLSsarlu-dLVSL4g,V0dlfvptRz2Cd1nRbNuYqA,20121100001451,1697766731132
SA4ZvDwxRGqttsJ35jHfsQ,RqvnnDcaQlKSzXn7WI1eeQ,V0dlfvptRz2Cd1nRbNuYqA,20121100001451,1698107533360
_xFOmR-OTYWxzt2iIhhSYw,s9PgkAWXSAm57oZs0w3KsA,W7-50EqQS9ClI4h5GJjYwQ,20121100001451,1698114693077
"7WAX7gn6RBCgnH4sWNyS0A",DanFxrkuQ1W0Ur5ugKexBQ,V0dlfvptRz2Cd1nRbNuYqA,20121100001451,1698115325486
"8HLRpGYlRjOvSgtas9o5lg",_OHUsZ-GTbWPu6Am38uyAg,V0dlfvptRz2Cd1nRbNuYqA,20121100001451,1698115325486
wEzk29jvRAq7k7emZ_ZrtA,DpJmj8cQR9OK7yglGVyisw,V0dlfvptRz2Cd1nRbNuYqA,20121100001451,1698115325486
S77yqa_9SjWqZJYpbdGKJw,wVl13sCKRGuDHX62poEeDw,"3fYMbb-gQ7ek55YIvTimoA",20151000004018,1698136523178
Bj9tJbqHTcWh4DDvpZuTHQ,rWDP6vqXS5qDjcuCxCRdbQ,"4Gyjk--hT6q-n184_ZFUkw",20151000004018,1698140254346
H3niL6_xTFym5dRMqCHU2w,s9PgkAWXSAm57oZs0w3KsA,dIDvewtBRVmPjI1I4zg6KQ,20151000004018,1698140285736
Y_piWPWmSAWRsvQ5IDRWCQ,DanFxrkuQ1W0Ur5ugKexBQ,"7DO79VEYSeO3qBD0pU1Ikw",20151000004018,1698216429100
-tImI36xTmmG-0KPe2yL-g,DpJmj8cQR9OK7yglGVyisw,"7DO79VEYSeO3qBD0pU1Ikw",20151000004018,1698216429100
UqF4hQJuTdywkhBFzMNE2A,_OHUsZ-GTbWPu6Am38uyAg,"7DO79VEYSeO3qBD0pU1Ikw",20151000004018,1698216429100
weOZZvSVTlWleeOXL2EvIQ,RqvnnDcaQlKSzXn7WI1eeQ,"7DO79VEYSeO3qBD0pU1Ikw",20151000004018,1698216429100
HE8dWIqWQ0qin08dvk3TpQ,DanFxrkuQ1W0Ur5ugKexBQ,Sg7n-TqnQD27TXCGhvP39g,20121100348557,1698368884384
UR8RSXXzTjSjL1OdPgd7fw,DpJmj8cQR9OK7yglGVyisw,Sg7n-TqnQD27TXCGhvP39g,20121100348557,1698368884384
rB2u63nRSsuKDHFO_C84AA,_OHUsZ-GTbWPu6Am38uyAg,Sg7n-TqnQD27TXCGhvP39g,20121100348557,1698368884384
KcRN89XBSQmd5V97xiqJGw,RqvnnDcaQlKSzXn7WI1eeQ,Sg7n-TqnQD27TXCGhvP39g,20121100348557,1698368884384
K6k_3DFGR66pb5A6nmfQmg,DanFxrkuQ1W0Ur5ugKexBQ,Nk5KgrnxTmu_44brFexL6A,20121100348557,1698369041918
d7-4TBooSH6QGXmhhSx4OA,DpJmj8cQR9OK7yglGVyisw,Nk5KgrnxTmu_44brFexL6A,20121100348557,1698369041918
EUMYduCKRXq2RsUphsBN1A,_OHUsZ-GTbWPu6Am38uyAg,Nk5KgrnxTmu_44brFexL6A,20121100348557,1698369041918
wf2xkqC1Rzy6bOBIF1P3_A,RqvnnDcaQlKSzXn7WI1eeQ,Nk5KgrnxTmu_44brFexL6A,20121100348557,1698369041918
jK663ptgSzO3RKrN0ePI4Q,DanFxrkuQ1W0Ur5ugKexBQ,gSNaAkG3QICcTXJfb3ANNg,20121100348557,1698369151515
eYA-jHcaQqCzY6_tPACvaQ,DpJmj8cQR9OK7yglGVyisw,gSNaAkG3QICcTXJfb3ANNg,20121100348557,1698369151515
V_TCBDAXRlWJOgke1OtfaQ,_OHUsZ-GTbWPu6Am38uyAg,gSNaAkG3QICcTXJfb3ANNg,20121100348557,1698369151515
dkP36X7AQ1mhErVoqBkj1w,RqvnnDcaQlKSzXn7WI1eeQ,gSNaAkG3QICcTXJfb3ANNg,20121100348557,1698369151515
"3XtaAkaGRTymF3R81oIOEg",DanFxrkuQ1W0Ur5ugKexBQ,AN6i56eORVWZfJvUgv0_sw,20121100348557,1698369304963
O1tWNsRxQNm7cuAHZxma2Q,DpJmj8cQR9OK7yglGVyisw,AN6i56eORVWZfJvUgv0_sw,20121100348557,1698369304963
"2ZAWe3zITyyMi1J2fRbnZQ",_OHUsZ-GTbWPu6Am38uyAg,AN6i56eORVWZfJvUgv0_sw,20121100348557,1698369304963
lnPUNJZbT1KRY7I-Gixmjg,RqvnnDcaQlKSzXn7WI1eeQ,AN6i56eORVWZfJvUgv0_sw,20121100348557,1698369304963
IySJhbe4TOCw_bmz2TOATQ,_OHUsZ-GTbWPu6Am38uyAg,OjNMZROxTiCeexix0ZeSew,20121100001451,1698372013833
XaWtA3ElS6mX4ITr4Sqz2g,DpJmj8cQR9OK7yglGVyisw,"1brI0HQfQKyiPmS-w9EXtg",20121100348557,1698372195525
vU3darFYSJuUsrl_6gwx4Q,DanFxrkuQ1W0Ur5ugKexBQ,"1brI0HQfQKyiPmS-w9EXtg",20121100348557,1698372195525
"9m27RL8gSoe_dMcQUOwAfQ",DanFxrkuQ1W0Ur5ugKexBQ,"7RomKJCYQyiFtDGsznrMbQ",20121100001451,1698393594314
szAJOdDTSrm9XHFAoMoVFw,RqvnnDcaQlKSzXn7WI1eeQ,"7RomKJCYQyiFtDGsznrMbQ",20121100001451,1698623612972
Y2q82mPfQyaEOSocmK5Kdw,BRiYS0BLSsarlu-dLVSL4g,ywzssqZLRlKvtOjkZIDfyw,20121100001451,1704251170738
yrzezrcdRzC2ALoUlW6Usg,DpJmj8cQR9OK7yglGVyisw,"9sd9S6RdRzSMx16NxDHHFw",20121100001451,1698395473741
cmL7LJ7XTPuvA5_99Dqh3g,_OHUsZ-GTbWPu6Am38uyAg,"9sd9S6RdRzSMx16NxDHHFw",20121100001451,1698395481335
UtK-QKJLSDSsDxvvJ4U9Gg,DanFxrkuQ1W0Ur5ugKexBQ,"9sd9S6RdRzSMx16NxDHHFw",20121100001451,1698395488388
mMlvgoqXSoGXwbHW20XB2A,RqvnnDcaQlKSzXn7WI1eeQ,"9sd9S6RdRzSMx16NxDHHFw",20121100001451,1698395496066
pAGxymtPSHipjrryVTH7tg,RqvnnDcaQlKSzXn7WI1eeQ,yYMKe9BxQHSdeWkU4hev-g,20121100001451,1698396318256
uhSoSrl6QtGw1qb-lyzTjw,_OHUsZ-GTbWPu6Am38uyAg,yYMKe9BxQHSdeWkU4hev-g,20121100001451,1698396326315
eaJXeZl2QfqWvEEwzSnkcQ,DpJmj8cQR9OK7yglGVyisw,yYMKe9BxQHSdeWkU4hev-g,20121100001451,1698396337975
mkxyt6vxSSmjaHOOw4tVCg,DanFxrkuQ1W0Ur5ugKexBQ,yYMKe9BxQHSdeWkU4hev-g,20121100001451,1698396345325
Jzq6WCgWR3CHOLU2Qpa_VQ,RqvnnDcaQlKSzXn7WI1eeQ,urup4P9TSemdbdUPrzNlQg,20121100001451,1698623652950
VIakGvdNRCySZnhFuJ-tTw,_OHUsZ-GTbWPu6Am38uyAg,urup4P9TSemdbdUPrzNlQg,20121100001451,1698623652950
ZjGKjlrKQne3OA6HjtXZHw,DpJmj8cQR9OK7yglGVyisw,urup4P9TSemdbdUPrzNlQg,20121100001451,1698623652950
OzZGTso9TpKuZVQH3X82mQ,DanFxrkuQ1W0Ur5ugKexBQ,urup4P9TSemdbdUPrzNlQg,20121100001451,1698623652950
T5PRMe9-R9mThFe9TdFMfQ,_OHUsZ-GTbWPu6Am38uyAg,"7RomKJCYQyiFtDGsznrMbQ",20121100007030,1698721717926
EY_cmgf8TwGHicbxu-PcZA,DpJmj8cQR9OK7yglGVyisw,"7RomKJCYQyiFtDGsznrMbQ",20121100007030,1699342130790
"0grgbMbXTLCevCajdL4BZA",XuoBmgOtRbmfgbe7tIu3Qg,"9sd9S6RdRzSMx16NxDHHFw",20121100001451,1703727721586
"6G6K2QeVQkW9DC9He3P-aw",InznG3p5QXGhKUdxdkzxEQ,"9sd9S6RdRzSMx16NxDHHFw",20121100001451,1703727721586
QVObL8uSQnmQDWVANfXFTA,C45ua3VBTtamjxo6iJ-S1A,"9sd9S6RdRzSMx16NxDHHFw",20121100001451,1703727721586
puaF6MiwTDSQlBvlAHleag,XKaDBaa4SxWAXAhOZhxYAg,"9sd9S6RdRzSMx16NxDHHFw",20121100001451,1703727721586
biq_huIMS6e8lG0HKVY4jg,ebtroQjmSwG8dy8QANzy0w,"9sd9S6RdRzSMx16NxDHHFw",20121100001451,1703727721586
dGHBxW3MRBqBCjNfiMp8Pg,XuoBmgOtRbmfgbe7tIu3Qg,V0dlfvptRz2Cd1nRbNuYqA,20121100001451,1703727851939
FEf5qZHKTzmxtXpg4d2ODQ,InznG3p5QXGhKUdxdkzxEQ,V0dlfvptRz2Cd1nRbNuYqA,20121100001451,1703727851939
"4lQ1teB6SRyQ0-Y7WeLm9w",C45ua3VBTtamjxo6iJ-S1A,V0dlfvptRz2Cd1nRbNuYqA,20121100001451,1703727851939
"6_Uq-GDnTnS4fBnw__GgHA",XKaDBaa4SxWAXAhOZhxYAg,V0dlfvptRz2Cd1nRbNuYqA,20121100001451,1703727851939
vNXPNvdoS9eb7GV2gq5u_g,ebtroQjmSwG8dy8QANzy0w,V0dlfvptRz2Cd1nRbNuYqA,20121100001451,1703727851939
"5zHbtttvSG6gkPXQZhvRUw",C45ua3VBTtamjxo6iJ-S1A,W7-50EqQS9ClI4h5GJjYwQ,20121100001451,1703740342479
zZItnLc2TdSd1xjeR-zC8A,ebtroQjmSwG8dy8QANzy0w,W7-50EqQS9ClI4h5GJjYwQ,20121100001451,1703740342479
h6AFu_LwTL-nsomljQfBfg,InznG3p5QXGhKUdxdkzxEQ,W7-50EqQS9ClI4h5GJjYwQ,20121100001451,1703740342479
wxlFKdRJRcuotb5F1gxfNw,XKaDBaa4SxWAXAhOZhxYAg,W7-50EqQS9ClI4h5GJjYwQ,20121100001451,1703740342479
S0kEP3L4QlSBnkvyYOLZ1A,XuoBmgOtRbmfgbe7tIu3Qg,W7-50EqQS9ClI4h5GJjYwQ,20121100001451,1703740342479
BBLOHZj6TPSwlf6C9F2yOA,C45ua3VBTtamjxo6iJ-S1A,yYMKe9BxQHSdeWkU4hev-g,20151000004018,1704246506911
"7JZTm5c3QJ242vFEwmrVoA",InznG3p5QXGhKUdxdkzxEQ,yYMKe9BxQHSdeWkU4hev-g,20151000004018,1704246506911
t9UeoblqSe-vwR_8EEiunA,XKaDBaa4SxWAXAhOZhxYAg,yYMKe9BxQHSdeWkU4hev-g,20151000004018,1704246506911
"55xwrJTdSJaodGxlAAE7hQ",ebtroQjmSwG8dy8QANzy0w,_uyrEGX9T1ej8t4W51rc0g,20151000004018,1704246801257
-Hs40vItScurJEf1PQ0YUg,XuoBmgOtRbmfgbe7tIu3Qg,_uyrEGX9T1ej8t4W51rc0g,20151000004018,1704246881338
HuiHnvOiQwGm7vosRQuX0g,XKaDBaa4SxWAXAhOZhxYAg,sJx7txuZROanIItSeOT51g,20121100001451,1704251122777
dhGCLvASSJ2y6d6oNChWBA,C45ua3VBTtamjxo6iJ-S1A,mRkDJHITR1-wxBVapAJHmA,20121100001451,1704251142768
JXSIwVdhTaGa10NGdfbrUw,InznG3p5QXGhKUdxdkzxEQ,JL2OVvSaQ7qjknocv-Rfwg,20121100001451,1704251159181
dqVz-q_xRMaKwy0ETSp2tg,ebtroQjmSwG8dy8QANzy0w,IS4_dVquTii0znALKXKStg,20121100001451,1704251191715
lnbU3GPaSPqTcmZ4qVQokw,XuoBmgOtRbmfgbe7tIu3Qg,JGxRhOQET-GBqokTlTUd2w,20121100001451,1704251208232
