"auth_id","user_id","entre_id","fact_id","enable"
UID007E0015080,UID007,E001,ZENtQ6O_QPGtXkL0Qpz9wA,Y
UID022E0025080,UID022,E002,ZENtQ6O_QPGtXkL0Qpz9wA,N
UID022E0035080,UID022,E003,ZENtQ6O_QPGtXkL0Qpz9wA,N
UID022E0045080,UID022,E004,ZENtQ6O_QPGtXkL0Qpz9wA,N
"4",UID015,E001,UXsOKT3tRE2HHAYBD5H7Lg,Y
"5",UID015,E002,"6330",Y
"6",UID015,E003,"6030",Y
"8",UID016,E002,"6330",Y
"9",UID016,E003,"6030",Y
"10",UID017,E001,UXsOKT3tRE2HHAYBD5H7Lg,Y
"11",UID017,E002,"6330",Y
"12",UID017,E003,"6030",Y
"1",UID014,E001,UXsOKT3tRE2HHAYBD5H7Lg,Y
"2",UID014,E002,"6330",Y
"3",UID014,E003,"6030",Y
UTW001E0015010,UID018,E001,UXsOKT3tRE2HHAYBD5H7Lg,Y
"14",UID018,E002,"6330",Y
UID011E0015000,UID011,E001,EXcOKT3aRE2rAYwD5Q7Zs,Y
UID019E0025010,UID019,E002,UXsOKT3tRE2HHAYBD5H7Lg,Y
UID019E0035010,UID019,E003,UXsOKT3tRE2HHAYBD5H7Lg,Y
UID019E0045010,UID019,E004,UXsOKT3tRE2HHAYBD5H7Lg,Y
UID020E0015010,UID020,E001,UXsOKT3tRE2HHAYBD5H7Lg,Y
UID021E0015010,UID021,E001,UXsOKT3tRE2HHAYBD5H7Lg,Y
UID022E0015080,UID022,E001,ZENtQ6O_QPGtXkL0Qpz9wA,Y
UID008E0015080,UID008,E001,ZENtQ6O_QPGtXkL0Qpz9wA,Y
UID004E0015000,UID004,E001,EXcOKT3aRE2rAYwD5Q7Zs,N
UID004E0015080,UID004,E001,ZENtQ6O_QPGtXkL0Qpz9wA,N
UID004E0015010,UID004,E001,UXsOKT3tRE2HHAYBD5H7Lg,Y
"7",UID016,E001,UXsOKT3tRE2HHAYBD5H7Lg,Y
"28",UID015,E002_1,"6330",Y
"29",UID017,E002_1,"6330",Y
"33",UID016,E002_1,"6330",Y
"26",UID016,E002_2,"2260",Y
"27",UID014,E002_1,"6330",Y
"30",UID014,E002_2,"2260",Y
"31",UID015,E002_2,"2260",Y
"32",UID017,E002_2,"2260",Y
"34",UID023,E001,UXsOKT3tRE2HHAYBD5H7Lg,Y
"35",UID023,E002,"6330",Y
"36",UID023,E003,"6030",Y
"37",UID023,E002_1,"6330",Y
"38",UID023,E002_2,"2260",Y
"39",UID024,E001,UXsOKT3tRE2HHAYBD5H7Lg,Y
"40",UID024,E002,"6330",Y
"41",UID024,E003,"6030",Y
"42",UID024,E002_1,"6330",Y
"43",UID024,E002_2,"2260",Y
"47",UID025,E002_1,"6330",Y
"49",UID026,E001,UXsOKT3tRE2HHAYBD5H7Lg,Y
"50",UID026,E002,"6330",Y
"51",UID026,E003,"6030",Y
"52",UID026,E002_1,"6330",Y
"53",UID026,E002_2,"2260",Y
"44",UID025,E001,UXsOKT3tRE2HHAYBD5H7Lg,Y
"45",UID025,E002,"6330",Y
"46",UID025,E003,"6030",Y
"48",UID025,E002_2,"2260",Y
"54",UID027,E001,UXsOKT3tRE2HHAYBD5H7Lg,Y
"55",UID027,E002,"6330",Y
"56",UID027,E003,"6030",Y
"57",UID027,E002_1,"6330",Y
"58",UID027,E002_2,"2260",Y
"59",UID028,E001,UXsOKT3tRE2HHAYBD5H7Lg,Y
"60",UID028,E002,"6330",Y
"61",UID028,E003,"6030",Y
"62",UID028,E002_1,"6330",Y
"63",UID028,E002_2,"2260",Y
"64",UID019,E002_1,"6330",Y
"65",UID019,E002_2,"2260",Y
"87",UID030,E001,UXsOKT3tRE2HHAYBD5H7Lg,Y
"67",UID016,E002_3,"6690",Y
"66",UID016,E003_1,"6030",Y
"68",UID014,E003_1,"6030",Y
"69",UID015,E003_1,"6030",Y
"71",UID017,E003_1,"6030",Y
"72",UID019,E003_1,"6030",Y
"73",UID023,E003_1,"6030",Y
"74",UID024,E003_1,"6030",Y
"75",UID025,E003_1,"6030",Y
"76",UID026,E003_1,"6030",Y
"77",UID027,E003_1,"6030",Y
"78",UID028,E003_1,"6030",Y
"79",UID014,E002_3,"6690",Y
"81",UID029,E002,"6330",Y
"82",UID029,E003,"6030",Y
"83",UID029,E002_1,"6330",Y
"84",UID029,E002_2,"2260",Y
"85",UID029,E003_1,"6030",Y
"86",UID029,E002_3,"6690",Y
"80",UID029,E001,UXsOKT3tRE2HHAYBD5H7Lg,Y
"88",UID030,E002,"6330",Y
"89",UID030,E003,"6030",Y
"90",UID030,E002_1,"6330",Y
"91",UID030,E002_2,"2260",Y
"92",UID030,E003_1,"6030",Y
"93",UID030,E002_3,"6690",Y
"100",UID031,E002_3,"6690",Y
"94",UID031,E001,UXsOKT3tRE2HHAYBD5H7Lg,Y
"95",UID031,E002,"6330",Y
"96",UID031,E003,"6030",Y
"97",UID031,E002_1,"6330",Y
"98",UID031,E002_2,"2260",Y
"99",UID031,E003_1,"6030",Y
"101",UID015,E002_3,"6690",Y
"102",UID017,E002_3,"6690",Y
"13",UID018,E002_2,"2260",Y
UTW001E0025010,UID018,E002_1,"6330",Y
"15",UID018,E002_3,"6690",Y
UTW001E0035010,UID018,E003,"6030",Y
UTW001E0045010,UID018,E003_1,"6030",Y
"103",UID023,E002_3,"6690",Y
"104",UID024,E002_3,"6690",Y
"105",UID026,E002_3,"6690",Y
"106",UID025,E002_3,"6690",Y
"107",UID027,E002_3,"6690",Y
"108",UID028,E002_3,"6690",Y
"109",UID019,E002_3,"6690",Y
"110",UID029,E002_3,"6690",Y
"111",UID030,E002_3,"6690",Y
"112",UID031,E002_3,"6690",Y
"113",UID015,E003_1,"6030",Y
"114",UID017,E003_1,"6030",Y
"115",UID023,E003_1,"6030",Y
"116",UID024,E003_1,"6030",Y
"117",UID026,E003_1,"6030",Y
"118",UID025,E003_1,"6030",Y
"119",UID027,E003_1,"6030",Y
"120",UID028,E003_1,"6030",Y
"121",UID019,E003_1,"6030",Y
"122",UID029,E003_1,"6030",Y
"123",UID030,E003_1,"6030",Y
"124",UID031,E003_1,"6030",Y
"660",UID016,E001,UXsOKT3tRE2HHAYBD5H7Lg,Y
UID000E0025010,UID000,E002,UXsOKT3tRE2HHAYBD5H7Lg,Y
UID000E0035010,UID000,E003,UXsOKT3tRE2HHAYBD5H7Lg,Y
UID000E0045010,UID000,E004,UXsOKT3tRE2HHAYBD5H7Lg,Y
UID000E0015010,UID000,E001,UXsOKT3tRE2HHAYBD5H7Lg,Y
UID000E001_15010,UID000,E001_1,UXsOKT3tRE2HHAYBD5H7Lg,Y
UID000E001_25010,UID000,E001_2,UXsOKT3tRE2HHAYBD5H7Lg,Y
UID000E001_35010,UID000,E001_3,UXsOKT3tRE2HHAYBD5H7Lg,Y
UID000E001_45010,UID000,E001_4,UXsOKT3tRE2HHAYBD5H7Lg,Y
UID000E001_15080,UID000,E001_1,ZENtQ6O_QPGtXkL0Qpz9wA,Y
UID000E001_25080,UID000,E001_2,ZENtQ6O_QPGtXkL0Qpz9wA,Y
UID000E001_35080,UID000,E001_3,ZENtQ6O_QPGtXkL0Qpz9wA,Y
UID000E001_45080,UID000,E001_4,ZENtQ6O_QPGtXkL0Qpz9wA,Y
UID001E0025010,UID001,E002,UXsOKT3tRE2HHAYBD5H7Lg,Y
UID001E0035010,UID001,E003,UXsOKT3tRE2HHAYBD5H7Lg,Y
UID001E0045010,UID001,E004,UXsOKT3tRE2HHAYBD5H7Lg,Y
UID001E0015010,UID001,E001,UXsOKT3tRE2HHAYBD5H7Lg,Y
UID001E001_25010,UID001,E001_2,UXsOKT3tRE2HHAYBD5H7Lg,Y
UID001E001_35010,UID001,E001_3,UXsOKT3tRE2HHAYBD5H7Lg,Y
UID001E001_45010,UID001,E001_4,UXsOKT3tRE2HHAYBD5H7Lg,Y
UID001E001_25080,UID001,E001_2,ZENtQ6O_QPGtXkL0Qpz9wA,Y
UID001E001_35080,UID001,E001_3,ZENtQ6O_QPGtXkL0Qpz9wA,Y
UID001E001_45080,UID001,E001_4,ZENtQ6O_QPGtXkL0Qpz9wA,Y
UID000E001_12150,UID000,E001_1,HnYkFQt4R4O2Z8vhXu_89g,Y
UID000E001_22150,UID000,E001_2,HnYkFQt4R4O2Z8vhXu_89g,Y
UID001E001_15010,UID001,E001_1,UXsOKT3tRE2HHAYBD5H7Lg,Y
UID001E001_15080,UID001,E001_1,ZENtQ6O_QPGtXkL0Qpz9wA,Y
UID002E0025010,UID002,E002,UXsOKT3tRE2HHAYBD5H7Lg,Y
UID002E0035010,UID002,E003,UXsOKT3tRE2HHAYBD5H7Lg,Y
UID002E0045010,UID002,E004,UXsOKT3tRE2HHAYBD5H7Lg,Y
UID002E0015010,UID002,E001,UXsOKT3tRE2HHAYBD5H7Lg,Y
UID002E001_15010,UID002,E001_1,UXsOKT3tRE2HHAYBD5H7Lg,Y
UID002E001_25010,UID002,E001_2,UXsOKT3tRE2HHAYBD5H7Lg,Y
UID002E001_35010,UID002,E001_3,UXsOKT3tRE2HHAYBD5H7Lg,Y
UID002E001_45010,UID002,E001_4,UXsOKT3tRE2HHAYBD5H7Lg,Y
UID014E001_15010,UID014,E001_1,UXsOKT3tRE2HHAYBD5H7Lg,Y
UID014E001_25010,UID014,E001_2,UXsOKT3tRE2HHAYBD5H7Lg,Y
UID014E001_35010,UID014,E001_3,UXsOKT3tRE2HHAYBD5H7Lg,Y
UID014E001_45010,UID014,E001_4,UXsOKT3tRE2HHAYBD5H7Lg,Y
UID015E001_15010,UID015,E001_1,UXsOKT3tRE2HHAYBD5H7Lg,Y
UID015E001_25010,UID015,E001_2,UXsOKT3tRE2HHAYBD5H7Lg,Y
UID015E001_35010,UID015,E001_3,UXsOKT3tRE2HHAYBD5H7Lg,Y
UID015E001_45010,UID015,E001_4,UXsOKT3tRE2HHAYBD5H7Lg,Y
UID016E001_15010,UID016,E001_1,UXsOKT3tRE2HHAYBD5H7Lg,Y
UID016E001_25010,UID016,E001_2,UXsOKT3tRE2HHAYBD5H7Lg,Y
UID016E001_35010,UID016,E001_3,UXsOKT3tRE2HHAYBD5H7Lg,Y
UID016E001_45010,UID016,E001_4,UXsOKT3tRE2HHAYBD5H7Lg,Y
UID017E001_15010,UID017,E001_1,UXsOKT3tRE2HHAYBD5H7Lg,Y
UID017E001_25010,UID017,E001_2,UXsOKT3tRE2HHAYBD5H7Lg,Y
UID017E001_35010,UID017,E001_3,UXsOKT3tRE2HHAYBD5H7Lg,Y
UID017E001_45010,UID017,E001_4,UXsOKT3tRE2HHAYBD5H7Lg,Y
UID018E001_15010,UID018,E001_1,UXsOKT3tRE2HHAYBD5H7Lg,Y
UID018E001_25010,UID018,E001_2,UXsOKT3tRE2HHAYBD5H7Lg,Y
UID018E001_35010,UID018,E001_3,UXsOKT3tRE2HHAYBD5H7Lg,Y
UID018E001_45010,UID018,E001_4,UXsOKT3tRE2HHAYBD5H7Lg,Y
UID019E001_15010,UID019,E001_1,UXsOKT3tRE2HHAYBD5H7Lg,Y
UID019E001_25010,UID019,E001_2,UXsOKT3tRE2HHAYBD5H7Lg,Y
UID019E001_35010,UID019,E001_3,UXsOKT3tRE2HHAYBD5H7Lg,Y
UID019E001_45010,UID019,E001_4,UXsOKT3tRE2HHAYBD5H7Lg,Y
UID000E001_32150,UID000,E001_3,HnYkFQt4R4O2Z8vhXu_89g,Y
UID000E001_42150,UID000,E001_4,HnYkFQt4R4O2Z8vhXu_89g,Y
UID000E001_12151,UID000,E001_1,R0gPBhnSQ5aknFY32qqbTQ,Y
UID000E001_22151,UID000,E001_2,R0gPBhnSQ5aknFY32qqbTQ,Y
UID000E001_32151,UID000,E001_3,R0gPBhnSQ5aknFY32qqbTQ,Y
UID000E001_42151,UID000,E001_4,R0gPBhnSQ5aknFY32qqbTQ,Y
UID000E001_15000,UID000,E001_1,EXcOKT3aRE2rAYwD5Q7Zs,Y
UID000E001_25000,UID000,E001_2,EXcOKT3aRE2rAYwD5Q7Zs,Y
UID000E001_35000,UID000,E001_3,EXcOKT3aRE2rAYwD5Q7Zs,Y
UID000E001_45000,UID000,E001_4,EXcOKT3aRE2rAYwD5Q7Zs,Y
UID000E001_16030,UID000,E001_1,"97wdRZ89Q3ypSOwfEah9lA",Y
UID000E001_26030,UID000,E001_2,"97wdRZ89Q3ypSOwfEah9lA",Y
UID000E001_36030,UID000,E001_3,"97wdRZ89Q3ypSOwfEah9lA",Y
UID000E001_46030,UID000,E001_4,"97wdRZ89Q3ypSOwfEah9lA",Y
UID019E001_42151,UID019,E001_4,R0gPBhnSQ5aknFY32qqbTQ,Y
UID019E001_32151,UID019,E001_3,R0gPBhnSQ5aknFY32qqbTQ,Y
UID019E001_22151,UID019,E001_2,R0gPBhnSQ5aknFY32qqbTQ,Y
UID019E001_12151,UID019,E001_1,R0gPBhnSQ5aknFY32qqbTQ,Y
UID019E001_45080,UID019,E001_4,ZENtQ6O_QPGtXkL0Qpz9wA,Y
UID019E001_35080,UID019,E001_3,ZENtQ6O_QPGtXkL0Qpz9wA,Y
UID019E001_25080,UID019,E001_2,ZENtQ6O_QPGtXkL0Qpz9wA,Y
UID019E001_15080,UID019,E001_1,ZENtQ6O_QPGtXkL0Qpz9wA,Y
UID019E001_46030,UID019,E001_4,"97wdRZ89Q3ypSOwfEah9lA",Y
UID019E001_36030,UID019,E001_3,"97wdRZ89Q3ypSOwfEah9lA",Y
UID019E001_26030,UID019,E001_2,"97wdRZ89Q3ypSOwfEah9lA",Y
UID019E001_16030,UID019,E001_1,"97wdRZ89Q3ypSOwfEah9lA",Y
UID019E001_42150,UID019,E001_4,HnYkFQt4R4O2Z8vhXu_89g,Y
UID019E001_32150,UID019,E001_3,HnYkFQt4R4O2Z8vhXu_89g,Y
UID019E001_22150,UID019,E001_2,HnYkFQt4R4O2Z8vhXu_89g,Y
UID019E001_12150,UID019,E001_1,HnYkFQt4R4O2Z8vhXu_89g,Y
UID019E001_45000,UID019,E001_4,EXcOKT3aRE2rAYwD5Q7Zs,Y
UID019E001_35000,UID019,E001_3,EXcOKT3aRE2rAYwD5Q7Zs,Y
UID019E001_25000,UID019,E001_2,EXcOKT3aRE2rAYwD5Q7Zs,Y
UID019E001_15000,UID019,E001_1,EXcOKT3aRE2rAYwD5Q7Zs,Y
UID000E001_12070,UID000,E001_1,wMusebC4R4i3HKNLOrHtbA,Y
UID000E001_22070,UID000,E001_2,wMusebC4R4i3HKNLOrHtbA,Y
UID000E001_32070,UID000,E001_3,wMusebC4R4i3HKNLOrHtbA,Y
UID000E001_42070,UID000,E001_4,wMusebC4R4i3HKNLOrHtbA,Y
UID001E001_42151,UID001,E001_4,R0gPBhnSQ5aknFY32qqbTQ,Y
UID001E001_32151,UID001,E001_3,R0gPBhnSQ5aknFY32qqbTQ,Y
UID001E001_22151,UID001,E001_2,R0gPBhnSQ5aknFY32qqbTQ,Y
UID001E001_12151,UID001,E001_1,R0gPBhnSQ5aknFY32qqbTQ,Y
UID001E001_46030,UID001,E001_4,"97wdRZ89Q3ypSOwfEah9lA",Y
UID001E001_36030,UID001,E001_3,"97wdRZ89Q3ypSOwfEah9lA",Y
UID001E001_26030,UID001,E001_2,"97wdRZ89Q3ypSOwfEah9lA",Y
UID001E001_16030,UID001,E001_1,"97wdRZ89Q3ypSOwfEah9lA",Y
UID001E001_42150,UID001,E001_4,HnYkFQt4R4O2Z8vhXu_89g,Y
UID001E001_32150,UID001,E001_3,HnYkFQt4R4O2Z8vhXu_89g,Y
UID001E001_22150,UID001,E001_2,HnYkFQt4R4O2Z8vhXu_89g,Y
UID001E001_12150,UID001,E001_1,HnYkFQt4R4O2Z8vhXu_89g,Y
UID001E001_45000,UID001,E001_4,EXcOKT3aRE2rAYwD5Q7Zs,Y
UID001E001_35000,UID001,E001_3,EXcOKT3aRE2rAYwD5Q7Zs,Y
UID001E001_25000,UID001,E001_2,EXcOKT3aRE2rAYwD5Q7Zs,Y
UID001E001_15000,UID001,E001_1,EXcOKT3aRE2rAYwD5Q7Zs,Y
UID001E001_42070,UID001,E001_4,wMusebC4R4i3HKNLOrHtbA,Y
UID001E001_32070,UID001,E001_3,wMusebC4R4i3HKNLOrHtbA,Y
UID001E001_22070,UID001,E001_2,wMusebC4R4i3HKNLOrHtbA,Y
UID001E001_12070,UID001,E001_1,wMusebC4R4i3HKNLOrHtbA,Y
UID002E001_15080,UID002,E001_1,ZENtQ6O_QPGtXkL0Qpz9wA,Y
UID002E001_25080,UID002,E001_2,ZENtQ6O_QPGtXkL0Qpz9wA,Y
UID002E001_35080,UID002,E001_3,ZENtQ6O_QPGtXkL0Qpz9wA,Y
UID002E001_45080,UID002,E001_4,ZENtQ6O_QPGtXkL0Qpz9wA,Y
UID002E001_12150,UID002,E001_1,HnYkFQt4R4O2Z8vhXu_89g,Y
UID002E001_22150,UID002,E001_2,HnYkFQt4R4O2Z8vhXu_89g,Y
UID002E001_32150,UID002,E001_3,HnYkFQt4R4O2Z8vhXu_89g,Y
UID002E001_42150,UID002,E001_4,HnYkFQt4R4O2Z8vhXu_89g,Y
UID002E001_12151,UID002,E001_1,R0gPBhnSQ5aknFY32qqbTQ,Y
UID002E001_22151,UID002,E001_2,R0gPBhnSQ5aknFY32qqbTQ,Y
UID002E001_32151,UID002,E001_3,R0gPBhnSQ5aknFY32qqbTQ,Y
UID002E001_42151,UID002,E001_4,R0gPBhnSQ5aknFY32qqbTQ,Y
UID002E001_15000,UID002,E001_1,EXcOKT3aRE2rAYwD5Q7Zs,Y
UID002E001_25000,UID002,E001_2,EXcOKT3aRE2rAYwD5Q7Zs,Y
UID002E001_35000,UID002,E001_3,EXcOKT3aRE2rAYwD5Q7Zs,Y
UID002E001_45000,UID002,E001_4,EXcOKT3aRE2rAYwD5Q7Zs,Y
UID002E001_16030,UID002,E001_1,"97wdRZ89Q3ypSOwfEah9lA",Y
UID002E001_26030,UID002,E001_2,"97wdRZ89Q3ypSOwfEah9lA",Y
UID002E001_36030,UID002,E001_3,"97wdRZ89Q3ypSOwfEah9lA",Y
UID002E001_46030,UID002,E001_4,"97wdRZ89Q3ypSOwfEah9lA",Y
UID002E001_12070,UID002,E001_1,wMusebC4R4i3HKNLOrHtbA,Y
UID002E001_22070,UID002,E001_2,wMusebC4R4i3HKNLOrHtbA,Y
UID002E001_32070,UID002,E001_3,wMusebC4R4i3HKNLOrHtbA,Y
UID002E001_42070,UID002,E001_4,wMusebC4R4i3HKNLOrHtbA,Y
UID031E001_15010,UID031,E001_1,UXsOKT3tRE2HHAYBD5H7Lg,Y
UID031E001_25010,UID031,E001_2,UXsOKT3tRE2HHAYBD5H7Lg,Y
UID031E001_35010,UID031,E001_3,UXsOKT3tRE2HHAYBD5H7Lg,Y
UID031E001_45010,UID031,E001_4,UXsOKT3tRE2HHAYBD5H7Lg,Y
UID031E001_15080,UID031,E001_1,ZENtQ6O_QPGtXkL0Qpz9wA,Y
UID031E001_25080,UID031,E001_2,ZENtQ6O_QPGtXkL0Qpz9wA,Y
UID031E001_35080,UID031,E001_3,ZENtQ6O_QPGtXkL0Qpz9wA,Y
UID031E001_45080,UID031,E001_4,ZENtQ6O_QPGtXkL0Qpz9wA,Y
UID031E001_12150,UID031,E001_1,HnYkFQt4R4O2Z8vhXu_89g,Y
UID031E001_22150,UID031,E001_2,HnYkFQt4R4O2Z8vhXu_89g,Y
UID031E001_32150,UID031,E001_3,HnYkFQt4R4O2Z8vhXu_89g,Y
UID031E001_42150,UID031,E001_4,HnYkFQt4R4O2Z8vhXu_89g,Y
UID031E001_12151,UID031,E001_1,R0gPBhnSQ5aknFY32qqbTQ,Y
UID031E001_22151,UID031,E001_2,R0gPBhnSQ5aknFY32qqbTQ,Y
UID031E001_32151,UID031,E001_3,R0gPBhnSQ5aknFY32qqbTQ,Y
UID031E001_42151,UID031,E001_4,R0gPBhnSQ5aknFY32qqbTQ,Y
UID031E001_15000,UID031,E001_1,EXcOKT3aRE2rAYwD5Q7Zs,Y
UID031E001_25000,UID031,E001_2,EXcOKT3aRE2rAYwD5Q7Zs,Y
UID031E001_35000,UID031,E001_3,EXcOKT3aRE2rAYwD5Q7Zs,Y
UID031E001_45000,UID031,E001_4,EXcOKT3aRE2rAYwD5Q7Zs,Y
UID031E001_16030,UID031,E001_1,"97wdRZ89Q3ypSOwfEah9lA",Y
UID031E001_26030,UID031,E001_2,"97wdRZ89Q3ypSOwfEah9lA",Y
UID031E001_36030,UID031,E001_3,"97wdRZ89Q3ypSOwfEah9lA",Y
UID031E001_46030,UID031,E001_4,"97wdRZ89Q3ypSOwfEah9lA",Y
UID031E001_12070,UID031,E001_1,wMusebC4R4i3HKNLOrHtbA,Y
UID031E001_22070,UID031,E001_2,wMusebC4R4i3HKNLOrHtbA,Y
UID031E001_32070,UID031,E001_3,wMusebC4R4i3HKNLOrHtbA,Y
UID031E001_42070,UID031,E001_4,wMusebC4R4i3HKNLOrHtbA,Y
UID030E001_15010,UID030,E001_1,UXsOKT3tRE2HHAYBD5H7Lg,Y
UID030E001_25010,UID030,E001_2,UXsOKT3tRE2HHAYBD5H7Lg,Y
UID030E001_35010,UID030,E001_3,UXsOKT3tRE2HHAYBD5H7Lg,Y
UID030E001_45010,UID030,E001_4,UXsOKT3tRE2HHAYBD5H7Lg,Y
UID030E001_15080,UID030,E001_1,ZENtQ6O_QPGtXkL0Qpz9wA,Y
UID030E001_25080,UID030,E001_2,ZENtQ6O_QPGtXkL0Qpz9wA,Y
UID030E001_35080,UID030,E001_3,ZENtQ6O_QPGtXkL0Qpz9wA,Y
UID030E001_45080,UID030,E001_4,ZENtQ6O_QPGtXkL0Qpz9wA,Y
UID030E001_12150,UID030,E001_1,HnYkFQt4R4O2Z8vhXu_89g,Y
UID030E001_22150,UID030,E001_2,HnYkFQt4R4O2Z8vhXu_89g,Y
UID030E001_32150,UID030,E001_3,HnYkFQt4R4O2Z8vhXu_89g,Y
UID030E001_42150,UID030,E001_4,HnYkFQt4R4O2Z8vhXu_89g,Y
UID030E001_12151,UID030,E001_1,R0gPBhnSQ5aknFY32qqbTQ,Y
UID030E001_22151,UID030,E001_2,R0gPBhnSQ5aknFY32qqbTQ,Y
UID030E001_32151,UID030,E001_3,R0gPBhnSQ5aknFY32qqbTQ,Y
UID030E001_42151,UID030,E001_4,R0gPBhnSQ5aknFY32qqbTQ,Y
UID030E001_15000,UID030,E001_1,EXcOKT3aRE2rAYwD5Q7Zs,Y
UID030E001_25000,UID030,E001_2,EXcOKT3aRE2rAYwD5Q7Zs,Y
UID030E001_35000,UID030,E001_3,EXcOKT3aRE2rAYwD5Q7Zs,Y
UID030E001_45000,UID030,E001_4,EXcOKT3aRE2rAYwD5Q7Zs,Y
UID030E001_16030,UID030,E001_1,"97wdRZ89Q3ypSOwfEah9lA",Y
UID030E001_26030,UID030,E001_2,"97wdRZ89Q3ypSOwfEah9lA",Y
UID030E001_36030,UID030,E001_3,"97wdRZ89Q3ypSOwfEah9lA",Y
UID030E001_46030,UID030,E001_4,"97wdRZ89Q3ypSOwfEah9lA",Y
UID030E001_12070,UID030,E001_1,wMusebC4R4i3HKNLOrHtbA,Y
UID030E001_22070,UID030,E001_2,wMusebC4R4i3HKNLOrHtbA,Y
UID030E001_32070,UID030,E001_3,wMusebC4R4i3HKNLOrHtbA,Y
UID030E001_42070,UID030,E001_4,wMusebC4R4i3HKNLOrHtbA,Y
UID032E001_15010,UID032,E001_1,UXsOKT3tRE2HHAYBD5H7Lg,Y
UID032E001_25010,UID032,E001_2,UXsOKT3tRE2HHAYBD5H7Lg,Y
UID032E001_35010,UID032,E001_3,UXsOKT3tRE2HHAYBD5H7Lg,Y
UID032E001_45010,UID032,E001_4,UXsOKT3tRE2HHAYBD5H7Lg,Y
UID032E001_15080,UID032,E001_1,ZENtQ6O_QPGtXkL0Qpz9wA,Y
UID032E001_25080,UID032,E001_2,ZENtQ6O_QPGtXkL0Qpz9wA,Y
UID032E001_35080,UID032,E001_3,ZENtQ6O_QPGtXkL0Qpz9wA,Y
UID032E001_45080,UID032,E001_4,ZENtQ6O_QPGtXkL0Qpz9wA,Y
UID032E001_12150,UID032,E001_1,HnYkFQt4R4O2Z8vhXu_89g,Y
UID032E001_22150,UID032,E001_2,HnYkFQt4R4O2Z8vhXu_89g,Y
UID032E001_32150,UID032,E001_3,HnYkFQt4R4O2Z8vhXu_89g,Y
UID032E001_42150,UID032,E001_4,HnYkFQt4R4O2Z8vhXu_89g,Y
UID032E001_12151,UID032,E001_1,R0gPBhnSQ5aknFY32qqbTQ,Y
UID032E001_22151,UID032,E001_2,R0gPBhnSQ5aknFY32qqbTQ,Y
UID032E001_32151,UID032,E001_3,R0gPBhnSQ5aknFY32qqbTQ,Y
UID032E001_42151,UID032,E001_4,R0gPBhnSQ5aknFY32qqbTQ,Y
UID032E001_15000,UID032,E001_1,EXcOKT3aRE2rAYwD5Q7Zs,Y
UID032E001_25000,UID032,E001_2,EXcOKT3aRE2rAYwD5Q7Zs,Y
UID032E001_35000,UID032,E001_3,EXcOKT3aRE2rAYwD5Q7Zs,Y
UID032E001_45000,UID032,E001_4,EXcOKT3aRE2rAYwD5Q7Zs,Y
UID032E001_16030,UID032,E001_1,"97wdRZ89Q3ypSOwfEah9lA",Y
UID032E001_26030,UID032,E001_2,"97wdRZ89Q3ypSOwfEah9lA",Y
UID032E001_36030,UID032,E001_3,"97wdRZ89Q3ypSOwfEah9lA",Y
UID032E001_46030,UID032,E001_4,"97wdRZ89Q3ypSOwfEah9lA",Y
UID032E001_12070,UID032,E001_1,wMusebC4R4i3HKNLOrHtbA,Y
UID032E001_22070,UID032,E001_2,wMusebC4R4i3HKNLOrHtbA,Y
UID032E001_32070,UID032,E001_3,wMusebC4R4i3HKNLOrHtbA,Y
UID032E001_42070,UID032,E001_4,wMusebC4R4i3HKNLOrHtbA,Y
UID032E0015010,UID032,E001,UXsOKT3tRE2HHAYBD5H7Lg,Y
UID034E001_42151,UID034,E001_4,R0gPBhnSQ5aknFY32qqbTQ,Y
UID034E001_32151,UID034,E001_3,R0gPBhnSQ5aknFY32qqbTQ,Y
UID034E001_22151,UID034,E001_2,R0gPBhnSQ5aknFY32qqbTQ,Y
UID034E001_12151,UID034,E001_1,R0gPBhnSQ5aknFY32qqbTQ,Y
UID034E001_42150,UID034,E001_4,HnYkFQt4R4O2Z8vhXu_89g,Y
UID034E001_32150,UID034,E001_3,HnYkFQt4R4O2Z8vhXu_89g,Y
UID034E001_22150,UID034,E001_2,HnYkFQt4R4O2Z8vhXu_89g,Y
UID034E001_12150,UID034,E001_1,HnYkFQt4R4O2Z8vhXu_89g,Y
UID035E001_42151,UID035,E001_4,R0gPBhnSQ5aknFY32qqbTQ,Y
UID035E001_32151,UID035,E001_3,R0gPBhnSQ5aknFY32qqbTQ,Y
UID035E001_22151,UID035,E001_2,R0gPBhnSQ5aknFY32qqbTQ,Y
UID035E001_12151,UID035,E001_1,R0gPBhnSQ5aknFY32qqbTQ,Y
UID035E001_42150,UID035,E001_4,HnYkFQt4R4O2Z8vhXu_89g,Y
UID035E001_32150,UID035,E001_3,HnYkFQt4R4O2Z8vhXu_89g,Y
UID035E001_22150,UID035,E001_2,HnYkFQt4R4O2Z8vhXu_89g,Y
UID035E001_12150,UID035,E001_1,HnYkFQt4R4O2Z8vhXu_89g,Y
UID036E001_42151,UID036,E001_4,R0gPBhnSQ5aknFY32qqbTQ,Y
UID036E001_32151,UID036,E001_3,R0gPBhnSQ5aknFY32qqbTQ,Y
UID036E001_22151,UID036,E001_2,R0gPBhnSQ5aknFY32qqbTQ,Y
UID036E001_12151,UID036,E001_1,R0gPBhnSQ5aknFY32qqbTQ,Y
UID036E001_42150,UID036,E001_4,HnYkFQt4R4O2Z8vhXu_89g,Y
UID036E001_32150,UID036,E001_3,HnYkFQt4R4O2Z8vhXu_89g,Y
UID036E001_22150,UID036,E001_2,HnYkFQt4R4O2Z8vhXu_89g,Y
UID036E001_12150,UID036,E001_1,HnYkFQt4R4O2Z8vhXu_89g,Y
UID037E001_42151,UID037,E001_4,R0gPBhnSQ5aknFY32qqbTQ,Y
UID037E001_32151,UID037,E001_3,R0gPBhnSQ5aknFY32qqbTQ,Y
UID037E001_22151,UID037,E001_2,R0gPBhnSQ5aknFY32qqbTQ,Y
UID037E001_12151,UID037,E001_1,R0gPBhnSQ5aknFY32qqbTQ,Y
UID037E001_42150,UID037,E001_4,HnYkFQt4R4O2Z8vhXu_89g,Y
UID037E001_32150,UID037,E001_3,HnYkFQt4R4O2Z8vhXu_89g,Y
UID037E001_22150,UID037,E001_2,HnYkFQt4R4O2Z8vhXu_89g,Y
UID037E001_12150,UID037,E001_1,HnYkFQt4R4O2Z8vhXu_89g,Y
UID000E0012151,UID000,E001,R0gPBhnSQ5aknFY32qqbTQ,Y
UID000E0015080,UID000,E001,ZENtQ6O_QPGtXkL0Qpz9wA,Y
UID000E0016030,UID000,E001,"97wdRZ89Q3ypSOwfEah9lA",Y
UID000E0012150,UID000,E001,HnYkFQt4R4O2Z8vhXu_89g,Y
UID000E0015000,UID000,E001,EXcOKT3aRE2rAYwD5Q7Zs,Y
UID000E0012070,UID000,E001,wMusebC4R4i3HKNLOrHtbA,Y
UID034E0012151,UID034,E001,R0gPBhnSQ5aknFY32qqbTQ,Y
UID034E0012150,UID034,E001,HnYkFQt4R4O2Z8vhXu_89g,Y
UID035E0012151,UID035,E001,R0gPBhnSQ5aknFY32qqbTQ,Y
UID035E0012150,UID035,E001,HnYkFQt4R4O2Z8vhXu_89g,Y
UID036E0012151,UID036,E001,R0gPBhnSQ5aknFY32qqbTQ,Y
UID036E0012150,UID036,E001,HnYkFQt4R4O2Z8vhXu_89g,Y
UID037E0012151,UID037,E001,R0gPBhnSQ5aknFY32qqbTQ,Y
UID037E0012150,UID037,E001,HnYkFQt4R4O2Z8vhXu_89g,Y
UID019E001_12070,UID019,E001_1,wMusebC4R4i3HKNLOrHtbA,Y
UID019E001_22070,UID019,E001_2,wMusebC4R4i3HKNLOrHtbA,Y
UID019E001_32070,UID019,E001_3,wMusebC4R4i3HKNLOrHtbA,Y
UID019E001_42070,UID019,E001_4,wMusebC4R4i3HKNLOrHtbA,Y
UID019E0015010,UID019,E001,UXsOKT3tRE2HHAYBD5H7Lg,Y
UID019E0012151,UID019,E001,R0gPBhnSQ5aknFY32qqbTQ,Y
UID019E0015080,UID019,E001,ZENtQ6O_QPGtXkL0Qpz9wA,Y
UID019E0016030,UID019,E001,"97wdRZ89Q3ypSOwfEah9lA",Y
UID019E0012150,UID019,E001,HnYkFQt4R4O2Z8vhXu_89g,Y
UID019E0015000,UID019,E001,EXcOKT3aRE2rAYwD5Q7Zs,Y
UID019E0012070,UID019,E001,wMusebC4R4i3HKNLOrHtbA,Y
UID013E0015010,UID013,E001,UXsOKT3tRE2HHAYBD5H7Lg,Y
UID013E001_15010,UID013,E001_1,UXsOKT3tRE2HHAYBD5H7Lg,Y
UID013E001_25010,UID013,E001_2,UXsOKT3tRE2HHAYBD5H7Lg,Y
UID013E001_35010,UID013,E001_3,UXsOKT3tRE2HHAYBD5H7Lg,Y
UID013E001_45010,UID013,E001_4,UXsOKT3tRE2HHAYBD5H7Lg,Y
UID013E001_15080,UID013,E001_1,ZENtQ6O_QPGtXkL0Qpz9wA,Y
UID013E001_25080,UID013,E001_2,ZENtQ6O_QPGtXkL0Qpz9wA,Y
UID013E001_35080,UID013,E001_3,ZENtQ6O_QPGtXkL0Qpz9wA,Y
UID013E001_45080,UID013,E001_4,ZENtQ6O_QPGtXkL0Qpz9wA,Y
UID013E001_12150,UID013,E001_1,HnYkFQt4R4O2Z8vhXu_89g,Y
UID013E001_22150,UID013,E001_2,HnYkFQt4R4O2Z8vhXu_89g,Y
UID013E001_32150,UID013,E001_3,HnYkFQt4R4O2Z8vhXu_89g,Y
UID013E001_42150,UID013,E001_4,HnYkFQt4R4O2Z8vhXu_89g,Y
UID013E001_12151,UID013,E001_1,R0gPBhnSQ5aknFY32qqbTQ,Y
UID013E001_22151,UID013,E001_2,R0gPBhnSQ5aknFY32qqbTQ,Y
UID013E001_32151,UID013,E001_3,R0gPBhnSQ5aknFY32qqbTQ,Y
UID013E001_42151,UID013,E001_4,R0gPBhnSQ5aknFY32qqbTQ,Y
UID013E001_15000,UID013,E001_1,EXcOKT3aRE2rAYwD5Q7Zs,Y
UID013E001_25000,UID013,E001_2,EXcOKT3aRE2rAYwD5Q7Zs,Y
UID013E001_35000,UID013,E001_3,EXcOKT3aRE2rAYwD5Q7Zs,Y
UID013E001_45000,UID013,E001_4,EXcOKT3aRE2rAYwD5Q7Zs,Y
UID013E001_16030,UID013,E001_1,"97wdRZ89Q3ypSOwfEah9lA",Y
UID013E001_26030,UID013,E001_2,"97wdRZ89Q3ypSOwfEah9lA",Y
UID013E001_36030,UID013,E001_3,"97wdRZ89Q3ypSOwfEah9lA",Y
UID013E001_46030,UID013,E001_4,"97wdRZ89Q3ypSOwfEah9lA",Y
UID013E001_12070,UID013,E001_1,wMusebC4R4i3HKNLOrHtbA,Y
UID013E001_22070,UID013,E001_2,wMusebC4R4i3HKNLOrHtbA,Y
UID013E001_32070,UID013,E001_3,wMusebC4R4i3HKNLOrHtbA,Y
UID013E001_42070,UID013,E001_4,wMusebC4R4i3HKNLOrHtbA,Y
UID013E0012151,UID013,E001,R0gPBhnSQ5aknFY32qqbTQ,Y
UID013E0015080,UID013,E001,ZENtQ6O_QPGtXkL0Qpz9wA,Y
UID013E0016030,UID013,E001,"97wdRZ89Q3ypSOwfEah9lA",Y
UID013E0012150,UID013,E001,HnYkFQt4R4O2Z8vhXu_89g,Y
UID013E0015000,UID013,E001,EXcOKT3aRE2rAYwD5Q7Zs,Y
UID013E0012070,UID013,E001,wMusebC4R4i3HKNLOrHtbA,Y
UID004E001_15010,UID004,E001_1,UXsOKT3tRE2HHAYBD5H7Lg,Y
UID004E001_25010,UID004,E001_2,UXsOKT3tRE2HHAYBD5H7Lg,Y
UID004E001_35010,UID004,E001_3,UXsOKT3tRE2HHAYBD5H7Lg,Y
UID004E001_45010,UID004,E001_4,UXsOKT3tRE2HHAYBD5H7Lg,Y
UID004E001_15080,UID004,E001_1,ZENtQ6O_QPGtXkL0Qpz9wA,N
UID004E001_15000,UID004,E001_1,EXcOKT3aRE2rAYwD5Q7Zs,N
UID004E001_25000,UID004,E001_2,EXcOKT3aRE2rAYwD5Q7Zs,N
UID004E001_25080,UID004,E001_2,ZENtQ6O_QPGtXkL0Qpz9wA,N
UID004E001_35000,UID004,E001_3,EXcOKT3aRE2rAYwD5Q7Zs,N
UID004E001_35080,UID004,E001_3,ZENtQ6O_QPGtXkL0Qpz9wA,N
UID004E001_45080,UID004,E001_4,ZENtQ6O_QPGtXkL0Qpz9wA,N
UID004E001_45000,UID004,E001_4,EXcOKT3aRE2rAYwD5Q7Zs,N
UID011E001_15000,UID011,E001_1,EXcOKT3aRE2rAYwD5Q7Zs,Y
UID011E001_25000,UID011,E001_2,EXcOKT3aRE2rAYwD5Q7Zs,Y
UID011E001_35000,UID011,E001_3,EXcOKT3aRE2rAYwD5Q7Zs,Y
UID011E001_45000,UID011,E001_4,EXcOKT3aRE2rAYwD5Q7Zs,Y
UID008E001_15080,UID008,E001_1,ZENtQ6O_QPGtXkL0Qpz9wA,Y
UID008E001_25080,UID008,E001_2,ZENtQ6O_QPGtXkL0Qpz9wA,Y
UID008E001_35080,UID008,E001_3,ZENtQ6O_QPGtXkL0Qpz9wA,Y
UID008E001_45080,UID008,E001_4,ZENtQ6O_QPGtXkL0Qpz9wA,Y
UID007E001_15080,UID007,E001_1,ZENtQ6O_QPGtXkL0Qpz9wA,Y
UID007E001_25080,UID007,E001_2,ZENtQ6O_QPGtXkL0Qpz9wA,Y
UID007E001_35080,UID007,E001_3,ZENtQ6O_QPGtXkL0Qpz9wA,Y
UID007E001_45080,UID007,E001_4,ZENtQ6O_QPGtXkL0Qpz9wA,Y
UID009E001_15080,UID009,E001_1,ZENtQ6O_QPGtXkL0Qpz9wA,Y
UID009E001_25080,UID009,E001_2,ZENtQ6O_QPGtXkL0Qpz9wA,Y
UID009E001_35080,UID009,E001_3,ZENtQ6O_QPGtXkL0Qpz9wA,Y
UID009E001_45080,UID009,E001_4,ZENtQ6O_QPGtXkL0Qpz9wA,Y
UID009E0015080,UID009,E001,ZENtQ6O_QPGtXkL0Qpz9wA,Y
UID010E001_15000,UID010,E001_1,EXcOKT3aRE2rAYwD5Q7Zs,Y
UID010E001_25000,UID010,E001_2,EXcOKT3aRE2rAYwD5Q7Zs,Y
UID010E001_35000,UID010,E001_3,EXcOKT3aRE2rAYwD5Q7Zs,Y
UID010E001_45000,UID010,E001_4,EXcOKT3aRE2rAYwD5Q7Zs,Y
UID010E0015000,UID010,E001,EXcOKT3aRE2rAYwD5Q7Zs,Y
UID012E001_15000,UID012,E001_1,EXcOKT3aRE2rAYwD5Q7Zs,Y
UID012E001_25000,UID012,E001_2,EXcOKT3aRE2rAYwD5Q7Zs,Y
UID012E001_35000,UID012,E001_3,EXcOKT3aRE2rAYwD5Q7Zs,Y
UID012E001_45000,UID012,E001_4,EXcOKT3aRE2rAYwD5Q7Zs,Y
UID012E0015000,UID012,E001,EXcOKT3aRE2rAYwD5Q7Zs,Y
UID003E0015000,UID003,E001,EXcOKT3aRE2rAYwD5Q7Zs,N
UID003E0015080,UID003,E001,ZENtQ6O_QPGtXkL0Qpz9wA,N
UID003E0015010,UID003,E001,UXsOKT3tRE2HHAYBD5H7Lg,Y
UID003E001_15010,UID003,E001_1,UXsOKT3tRE2HHAYBD5H7Lg,Y
UID003E001_25010,UID003,E001_2,UXsOKT3tRE2HHAYBD5H7Lg,Y
UID003E001_35010,UID003,E001_3,UXsOKT3tRE2HHAYBD5H7Lg,Y
UID003E001_45010,UID003,E001_4,UXsOKT3tRE2HHAYBD5H7Lg,Y
UID003E001_15080,UID003,E001_1,ZENtQ6O_QPGtXkL0Qpz9wA,N
UID003E001_15000,UID003,E001_1,EXcOKT3aRE2rAYwD5Q7Zs,N
UID003E001_25000,UID003,E001_2,EXcOKT3aRE2rAYwD5Q7Zs,N
UID003E001_25080,UID003,E001_2,ZENtQ6O_QPGtXkL0Qpz9wA,N
UID003E001_35000,UID003,E001_3,EXcOKT3aRE2rAYwD5Q7Zs,N
UID003E001_35080,UID003,E001_3,ZENtQ6O_QPGtXkL0Qpz9wA,N
UID003E001_45080,UID003,E001_4,ZENtQ6O_QPGtXkL0Qpz9wA,N
UID003E001_45000,UID003,E001_4,EXcOKT3aRE2rAYwD5Q7Zs,N
UID005E0015000,UID005,E001,EXcOKT3aRE2rAYwD5Q7Zs,N
UID005E0015080,UID005,E001,ZENtQ6O_QPGtXkL0Qpz9wA,N
UID005E0015010,UID005,E001,UXsOKT3tRE2HHAYBD5H7Lg,Y
UID005E001_15010,UID005,E001_1,UXsOKT3tRE2HHAYBD5H7Lg,Y
UID005E001_25010,UID005,E001_2,UXsOKT3tRE2HHAYBD5H7Lg,Y
UID005E001_35010,UID005,E001_3,UXsOKT3tRE2HHAYBD5H7Lg,Y
UID005E001_45010,UID005,E001_4,UXsOKT3tRE2HHAYBD5H7Lg,Y
UID005E001_15080,UID005,E001_1,ZENtQ6O_QPGtXkL0Qpz9wA,N
UID005E001_15000,UID005,E001_1,EXcOKT3aRE2rAYwD5Q7Zs,N
UID005E001_25000,UID005,E001_2,EXcOKT3aRE2rAYwD5Q7Zs,N
UID005E001_25080,UID005,E001_2,ZENtQ6O_QPGtXkL0Qpz9wA,N
UID005E001_35000,UID005,E001_3,EXcOKT3aRE2rAYwD5Q7Zs,N
UID005E001_35080,UID005,E001_3,ZENtQ6O_QPGtXkL0Qpz9wA,N
UID005E001_45080,UID005,E001_4,ZENtQ6O_QPGtXkL0Qpz9wA,N
UID005E001_45000,UID005,E001_4,EXcOKT3aRE2rAYwD5Q7Zs,N
UID006E0015000,UID006,E001,EXcOKT3aRE2rAYwD5Q7Zs,N
UID006E0015080,UID006,E001,ZENtQ6O_QPGtXkL0Qpz9wA,N
UID006E0015010,UID006,E001,UXsOKT3tRE2HHAYBD5H7Lg,Y
UID006E001_15010,UID006,E001_1,UXsOKT3tRE2HHAYBD5H7Lg,Y
UID006E001_25010,UID006,E001_2,UXsOKT3tRE2HHAYBD5H7Lg,Y
UID006E001_35010,UID006,E001_3,UXsOKT3tRE2HHAYBD5H7Lg,Y
UID006E001_45010,UID006,E001_4,UXsOKT3tRE2HHAYBD5H7Lg,Y
UID006E001_15080,UID006,E001_1,ZENtQ6O_QPGtXkL0Qpz9wA,N
UID006E001_15000,UID006,E001_1,EXcOKT3aRE2rAYwD5Q7Zs,N
UID006E001_25000,UID006,E001_2,EXcOKT3aRE2rAYwD5Q7Zs,N
UID006E001_25080,UID006,E001_2,ZENtQ6O_QPGtXkL0Qpz9wA,N
UID006E001_35000,UID006,E001_3,EXcOKT3aRE2rAYwD5Q7Zs,N
UID006E001_35080,UID006,E001_3,ZENtQ6O_QPGtXkL0Qpz9wA,N
UID006E001_45080,UID006,E001_4,ZENtQ6O_QPGtXkL0Qpz9wA,N
UID006E001_45000,UID006,E001_4,EXcOKT3aRE2rAYwD5Q7Zs,N
UID037E0015080,UID037,E001,ZENtQ6O_QPGtXkL0Qpz9wA,Y
UID037E001_15080,UID037,E001_1,ZENtQ6O_QPGtXkL0Qpz9wA,Y
UID037E001_25080,UID037,E001_2,ZENtQ6O_QPGtXkL0Qpz9wA,Y
UID037E001_35080,UID037,E001_3,ZENtQ6O_QPGtXkL0Qpz9wA,Y
UID037E001_45080,UID037,E001_4,ZENtQ6O_QPGtXkL0Qpz9wA,Y
UID038E001_12070,UID038,E001_1,wMusebC4R4i3HKNLOrHtbA,Y
UID038E001_22070,UID038,E001_2,wMusebC4R4i3HKNLOrHtbA,Y
UID038E001_32070,UID038,E001_3,wMusebC4R4i3HKNLOrHtbA,Y
UID038E001_42070,UID038,E001_4,wMusebC4R4i3HKNLOrHtbA,Y
UID038E0012070,UID038,E001,wMusebC4R4i3HKNLOrHtbA,Y
UID039E001_12070,UID039,E001_1,wMusebC4R4i3HKNLOrHtbA,Y
UID039E001_22070,UID039,E001_2,wMusebC4R4i3HKNLOrHtbA,Y
UID039E001_32070,UID039,E001_3,wMusebC4R4i3HKNLOrHtbA,Y
UID039E001_42070,UID039,E001_4,wMusebC4R4i3HKNLOrHtbA,Y
UID039E0012070,UID039,E001,wMusebC4R4i3HKNLOrHtbA,Y
UID040E001_12070,UID040,E001_1,wMusebC4R4i3HKNLOrHtbA,Y
UID040E001_22070,UID040,E001_2,wMusebC4R4i3HKNLOrHtbA,Y
UID040E001_32070,UID040,E001_3,wMusebC4R4i3HKNLOrHtbA,Y
UID040E001_42070,UID040,E001_4,wMusebC4R4i3HKNLOrHtbA,Y
UID040E0012070,UID040,E001,wMusebC4R4i3HKNLOrHtbA,Y
UID041E001_12070,UID041,E001_1,wMusebC4R4i3HKNLOrHtbA,Y
UID041E001_22070,UID041,E001_2,wMusebC4R4i3HKNLOrHtbA,Y
UID041E001_32070,UID041,E001_3,wMusebC4R4i3HKNLOrHtbA,Y
UID041E001_42070,UID041,E001_4,wMusebC4R4i3HKNLOrHtbA,Y
UID041E0012070,UID041,E001,wMusebC4R4i3HKNLOrHtbA,Y
UID042E001_12150,UID042,E001_1,HnYkFQt4R4O2Z8vhXu_89g,Y
UID042E001_22150,UID042,E001_2,HnYkFQt4R4O2Z8vhXu_89g,Y
UID042E001_32150,UID042,E001_3,HnYkFQt4R4O2Z8vhXu_89g,Y
UID042E001_42150,UID042,E001_4,HnYkFQt4R4O2Z8vhXu_89g,Y
UID042E001_12151,UID042,E001_1,R0gPBhnSQ5aknFY32qqbTQ,Y
UID042E001_22151,UID042,E001_2,R0gPBhnSQ5aknFY32qqbTQ,Y
UID042E001_32151,UID042,E001_3,R0gPBhnSQ5aknFY32qqbTQ,Y
UID042E001_42151,UID042,E001_4,R0gPBhnSQ5aknFY32qqbTQ,Y
UID042E0012151,UID042,E001,R0gPBhnSQ5aknFY32qqbTQ,Y
UID042E0012150,UID042,E001,HnYkFQt4R4O2Z8vhXu_89g,Y
